<?xml version="1.0"?>
<presentation guid="DB12E005-DBD3-47AC-9508-95B56E383D10" version="0" availableOffline="1">
	<info>
		<title>8kl электромагнитные явления</title>
		<description/>
	</info>
	<files index="id23" thumbnail="id26" totalSize="5002839">
		<file id="id0">data/movie.swf</file>
		<file id="id1">data/flash.png</file>
		<file id="id2">data/flash-required.html</file>
		<file id="id3">data/isplayer.js</file>
		<file id="id4">flash.html</file>
		<file id="id5">data/img1.jpg</file>
		<file id="id6">data/character1.png</file>
		<file id="id7">data/character2.png</file>
		<file id="id8">data/character3.png</file>
		<file id="id9">data/fnt1.woff</file>
		<file id="id10">data/fnt2.woff</file>
		<file id="id11">data/fnt3.woff</file>
		<file id="id12">data/fnt4.woff</file>
		<file id="id13">data/fnt5.woff</file>
		<file id="id14">data/fnt6.woff</file>
		<file id="id15">data/fnt7.woff</file>
		<file id="id16">data/fnt8.woff</file>
		<file id="id17">data/fnt9.woff</file>
		<file id="id18">data/fnt10.woff</file>
		<file id="id19">data/fnt11.woff</file>
		<file id="id20">data/player.js</file>
		<file id="id21">data/apple-touch-icon.png</file>
		<file id="id22">data/favicon.ico</file>
		<file id="id23">index.html</file>
		<file id="id24">data/html5.png</file>
		<file id="id25">data/html5-unsupported.html</file>
		<file id="id26">data/ismplayer/preview.png</file>
		<file id="id27">data/ismplayer/thumb.png</file>
		<file id="id28">data/ismplayer/play.svg</file>
		<file id="id29">data/ismplayer/style.css</file>
		<file id="id30">data/ismplayer/style_mini.css</file>
		<file id="id31">ismplayer.html</file>
		<file id="id32">data/ismplayer/app_store2x.png</file>
		<file id="id33">metainfo.xml</file>
	</files>
</presentation>
